Business,Address,City,Zip,State,Category,Latitude,Longitude
U.S. Bank,721 Locust St,Saint Louis,63101,MO,Banks & Credit Unions,38.6296616,-90.1916199
Kim's Kids,720 N Leonard Ave,Saint Louis,63101,MO,Child Care & Day Care,38.63897,-90.22533
Shell,721 N Tucker Blvd,Saint Louis,63101,MO,Gas Stations/Convenience Stores,38.63305,-90.19665
Downtown Urgent Care,916 Olive St,Saint Louis,63101,MO,Hospitals/Urgent Care,38.62891942,-90.19382648
Drury Plaza Hotel St. Louis At The Arch,2 South 4th St,Saint Louis,63101,MO,Hotels,38.6248869,-90.188709
"Magnolia Hotel St. Louis, A Tribute Portfolio Hotel",421 N 8th St,St. Louis,63101,MO,Hotels,38.630034,-90.192202
Courtyard by Marriott St. Louis Downtown/Convention Center,823-827 Washington Ave,St. Louis,63101,MO,Hotels,38.63115578,-90.1924052
Embassy Suites St. Louis - Downtown,610 N 7th St,Saint Louis,63101,MO,Hotels,38.6306,-90.1902237
Marriott St. Louis Grand,800 Washington Ave,Saint Louis,63101,MO,Hotels,38.6303999,-90.1919974
Holiday Inn St. Louis - Downtown Conv Ctr,811 N 9th St,St. Louis,63101,MO,Venues & Event Spaces,38.63304,-90.19261
Hotel Majestic St. Louis,1019 Pine St,Saint Louis,63101,MO,Hotels,38.62848088,-90.19517496
McDonald's,1119 N Tucker,St. Louis,63101,MO,Fast Food,38.63690795,-90.19548299
Schnucks Culinaria Pharmacy,315 N 9th St,Saint Louis,63101,MO,Pharmacy,38.629117,-90.1935902
Mango,1001 Washington Ave,Saint Louis,63101,MO,Restaurant,38.63133252,-90.19396173
Sauce On The Side,411 N 8th St,Saint Louis,63101,MO,Restaurant,38.62978071,-90.19206343
Rooster,1104 Locust St,Saint Louis,63101,MO,Restaurant,38.6300227,-90.1957371
Baileys' Range,920 Olive St,Saint Louis,63101,MO,Restaurant,38.62887,-90.1945099
Bridge Tap House and Wine Bar,1004 Locust St,Saint Louis,63101,MO,Restaurant,38.6298536,-90.19467106
Schnucks Culinaria,315 N 9th St,St. Louis,63101,MO,Grocery,38.629117,-90.1935902
Starbucks,827 Washington Ave,Saint Louis,63101,MO,Coffee & Tea,38.63061922,-90.19187276
Starbucks,521 Olive St,Saint Louis,63101,MO,Coffee & Tea,38.62822,-90.18993
Subway,1010 Market St,Saint Louis,63101,MO,Fast Food,38.62683,-90.19634
Subway,216 N 7th St,Saint Louis,63101,MO,Fast Food,38.62767,-90.19135
UMB Bank,2 S Broadway,Saint Louis,63102,MO,Banks & Credit Unions,38.6252098,-90.189888
Overturf Bp Amoco,902 S Broadway,Saint Louis,63102,MO,Gas Stations/Convenience Stores,38.61775,-90.19283
Hampton Inn St. Louis-Downtown At the Gateway Arch,333 Washington Ave,Saint Louis,63102,MO,Hotels,38.630049,-90.186505
Four Seasons Hotel,999 N 2nd St,Saint Louis,63102,MO,Hotels,38.63369175,-90.18496315
The Westin St. Louis,811 Spruce St,Saint Louis,63102,MO,Hotels,38.62371,-90.19503
Hyatt Regency,315 Chestnut St,Saint Louis,63102,MO,Hotels,38.62616,-90.18771
Hilton St. Louis at the Ballpark,1 S Broadway,Saint Louis,63102,MO,Hotels,38.62518,-90.19104
Drury Inn & Suites St. Louis Convention Center,711 North Broadway,Saint Louis,63102,MO,Hotels,38.6312,-90.18843
Hilton St. Louis Downtown at the Arch,400 Olive St,Saint Louis,63102,MO,Hotels,38.6274545,-90.1881935
City Place - Downtown,200 N 4th St,St. Louis,63102,MO,Hotels,38.62702138,-90.18818479
Lumiere Place Casino & Hotels,999 N 2nd St,St. Louis,63102,MO,Hotels,38.63342828,-90.1844977
Americas Best Value Inn St. Louis Downtown,1100 Lumiere Place Blvd,Saint Louis,63102,MO,Hotels,38.6345663,-90.1854417
Embassy Suites Hotel,901 N 1st St,Saint Louis,63102,MO,Hotels,38.63158219,-90.18306345
Lumière Place Casino and Hotel,999 N 2nd St,Saint Louis,63102,MO,Hotels,38.63285,-90.18409
Broadway Oyster Bar,736 S Broadway,Saint Louis,63102,MO,Restaurant,38.618778,-90.192384
360 St. Louis,1 S Broadway,Saint Louis,63102,MO,Restaurant,38.62518,-90.19104
Starbucks,St Louis Hilton At The Ballpark,Saint Louis,63102,MO,Coffee & Tea,38.62518,-90.19104
Starbucks,315 Chestnut St,Saint Louis,63102,MO,Coffee & Tea,38.6259589,-90.1877807
Subway,707 N 1st St,Saint Louis,63102,MO,Fast Food,38.6301498,-90.1836014
Taco Bell,501 Chouteau,Saint Louis,63102,MO,Fast Food,38.617239,-90.193209
Saint Louis University,3500 Lindell Blvd,Saint Louis,63103,MO,Colleges & Universities,38.63657,-90.23095
Harris Stowe State University,3026 Laclede Ave,Saint Louis,63103,MO,Colleges & Universities,38.63192,-90.22492
St. Louis University,One Grand Blvd,Saint Louis,63103,MO,Colleges & Universities,38.6346385,-90.2339157
Rainbow Castle Child Development Center,1222 Spruce St,Saint Louis,63103,MO,Child Care & Day Care,38.623548,-90.200713
Childrens Enrichment Center,210 S Ewing Ave,Saint Louis,63103,MO,Child Care & Day Care,38.63034099,-90.2216316
Downtown Children's Center,607 N 22nd St,Saint Louis,63103,MO,Child Care & Day Care,38.6348667,-90.2107986
BP,300 S Jefferson,Saint Louis,63103,MO,Gas Stations/Convenience Stores,38.6279716,-90.2165527
Circle K,35 S Grand Blvd,Saint Louis,63103,MO,Gas Stations/Convenience Stores,38.63365,-90.23441
Washington Avenue Post,1315 Washington Ave,Saint Louis,63103,MO,Grocery,38.63240685,-90.19891866
St Louis Union Station Hotel,1820 Market St,Saint Louis,63103,MO,Hotels,38.6295276,-90.20843756
Drury Inn - St Louis,201 S 20th St,St. Louis,63103,MO,Hotels,38.62802,-90.21047
Pear Tree Inn St. Louis Near Union Station,2211 Market St,Saint Louis,63103,MO,Hotels,38.6312561,-90.21240997
St. Louis City Center Hotel,400 S 14th St,Saint Louis,63103,MO,Hotels,38.6242,-90.20206
Hotel Ignacio,3411 Olive St,Saint Louis,63103,MO,Hotels,38.6366529,-90.22868313
Courtyard by Marriott St Louis Downtown West,2340 Market Street at Jefferson,St. Louis,63103,MO,Hotels,38.630057,-90.214303
Residence Inn,525 S Jefferson Ave,Saint Louis,63103,MO,Hotels,38.62680817,-90.21901703
Grand Center Inn,3716 Grandel Sq,Saint Louis,63103,MO,Bed & Breakfast,38.64112,-90.23351
Sam Light Loan & Mercantile,2601 Olive St,Saint Louis,63103,MO,Pawn Shops,38.63353,-90.2143
Pappy's Smokehouse,3106 Olive St,Saint Louis,63103,MO,Restaurant,38.6351466,-90.22400327
Blood & Sand,1500 St Charles St,Saint Louis,63103,MO,Restaurant,38.6319967,-90.2013358
Southern,3108 Olive St,Saint Louis,63103,MO,Restaurant,38.6352,-90.2241091
Hiro Asian Kitchen,1405 Washington Ave,Saint Louis,63103,MO,Restaurant,38.63253509,-90.19980658
The Schlafly Tap Room,2100 Locust St,Saint Louis,63103,MO,Restaurant,38.63299151,-90.20986847
The Fountain On Locust,3037 Locust St,Saint Louis,63103,MO,Restaurant,38.63619841,-90.22303803
Starbucks,212 S Grand Blvd,Saint Louis,63103,MO,Coffee & Tea,38.63266536,-90.23401234
Subway,1820 Market St,Saint Louis,63103,MO,Fast Food,38.6292797,-90.2068364
Saint Louis University School of Medicine,1402 S Grand Blvd,Saint Louis,63104,MO,Colleges & Universities,38.62213516,-90.23742676
Kingdom House,1321 S 11th St,Saint Louis,63104,MO,Child Care & Day Care,38.61529,-90.20284
SouthSide Early Childhood Center,2101 S Jefferson Ave,Saint Louis,63104,MO,Child Care & Day Care,38.610906,-90.222281
Family Dollar,1549 S Jefferson Ave,Saint Louis,63104,MO,Department Stores,38.61682011,-90.2207692
Phillips 66,1647 S Jefferson Ave,Saint Louis,63104,MO,Gas Stations/Convenience Stores,38.61517711,-90.22135735
Marketing Energy,710 Russell Blvd,Saint Louis,63104,MO,Gas Stations/Convenience Stores,38.60593,-90.20394
Fields Foods,1500 Lafayette Ave,Saint Louis,63104,MO,Grocery,38.61319497,-90.20797178
Vincent's 12th Street Market,2400 S 12th St,Saint Louis,63104,MO,Grocery,38.60391,-90.21117
Soulard Farmers Market,730 Carroll St,Saint Louis,63104,MO,Grocery,38.61055885,-90.20020107
SSM Health Cardinal Glennon Children's Hospital,1465 S Grand Blvd,Saint Louis,63104,MO,Hospitals/Urgent Care,38.62162,-90.239124
Napoleon's Retreat,1815 Lafayette Ave,Saint Louis,63104,MO,Bed & Breakfast,38.61411285,-90.21237946
Dwell 912,912 Hickory St,Saint Louis,63104,MO,Bed & Breakfast,38.615754,-90.199215
Soulard Residence,2222 Menard St,Saint Louis,63104,MO,Hotels,38.6053886,-90.2081375
Fleur-de-Lys Mansion,3500 Russell Blvd,Saint Louis,63104,MO,Bed & Breakfast,38.6125465,-90.2380408
Park Avenue Mansion Bed and Breakfast,2007 Park Ave,Saint Louis,63104,MO,Bed & Breakfast,38.6178,-90.21368
McDonald's,1919 S Jefferson,St. Louis,63104,MO,Fast Food,38.61249518,-90.22194207
Cash Advance St Louis,2631 Lafayette Ave,Saint Louis,63104,MO,Check Cashing/Pay-day Loans,38.6150081,-90.2218553
Walgreens,1530 Lafayette Ave,Saint Louis,63104,MO,Pharmacy,38.61287,-90.2092
Globe Drug,1900 S Broadway,Saint Louis,63104,MO,Pharmacy,38.60686,-90.20064
Blues City Deli,2438 McNair Ave,Saint Louis,63104,MO,Restaurant,38.605057,-90.2184098
Square One Brewery & Distillery,1727 Park Ave,Saint Louis,63104,MO,Restaurant,38.61686862,-90.21093965
Peacemaker Lobster and Crab,1831 Sidney St,Saint Louis,63104,MO,Restaurant,38.6031914,-90.2155228
Eleven Eleven,1111 Mississippi Ave,Saint Louis,63104,MO,Restaurant,38.61960417,-90.21291941
Pizzeoli Wood Fired Pizza,1928 S 12th St,Saint Louis,63104,MO,Restaurant,38.60881,-90.20881
Mission Taco Joint,908 Lafayette Ave,Saint Louis,63104,MO,Restaurant,38.61059,-90.20327
Save a Lot Food Store,1601 Jefferson Ave,Saint Louis,63104,MO,Grocery,38.61613464,-90.22174072
Starbucks,2350 South Grand,Saint Louis,63104,MO,Coffee & Tea,38.6083303,-90.24074105
Subway,2255 S Grand Blvd,Saint Louis,63104,MO,Fast Food,38.60987,-90.24131
Subway,1641 S Jefferson Ave,St Louis,63104,MO,Fast Food,38.6161385,-90.2217407
Subway,1831 S 7th St,Saint Louis,63104,MO,Fast Food,38.608117,-90.202302
Subway,1628 S Broadway,Saint Louis,63104,MO,Fast Food,38.6090409,-90.199221
St. Louis Community College-William J. Harrison Education Center,3140 Cass Ave,Saint Louis,63106,MO,Colleges & Universities,38.646754,-90.22365
Crown Mart 7 Inc,1515 N 13th St,Saint Louis,63106,MO,Gas Stations/Convenience Stores,38.64165736,-90.19452453
Walgreens,1400 N Grand Blvd,Saint Louis,63106,MO,Pharmacy,38.64684296,-90.22608185
Safa Bp,1110 Salisbury St,Saint Louis,63107,MO,Gas Stations/Convenience Stores,38.6614099,-90.19802
U.S. Bank,4301 Lindell Blvd,Saint Louis,63108,MO,Banks & Credit Unions,38.6414299,-90.25080872
Pulaski Bank,10 Maryland Plz,Saint Louis,63108,MO,Banks & Credit Unions,38.64454,-90.26181
Fifth Third Bank,1 N Euclid Ave,Saint Louis,63108,MO,Banks & Credit Unions,38.6404943,-90.2622899
Bank of America,4625 Lindell Blvd Lbby,Saint Louis,63108,MO,Banks & Credit Unions,38.64356976,-90.2605215
Burger King,5025 Delmar Blvd,Saint Louis,63108,MO,Fast Food,38.652,-90.26437
Practical Anatomy & Surgical Technique Workshop,3839 Lindell Blvd,Saint Louis,63108,MO,Colleges & Universities,38.6394,-90.23957
Childgarden Early Childhood Center,4150 Laclede Ave,Saint Louis,63108,MO,Child Care & Day Care,38.6371994,-90.24890137
Phillips 66,4251 Lindell Blvd,Saint Louis,63108,MO,Gas Stations/Convenience Stores,38.64124,-90.25011
Straub's,302 N Kingshighway Blvd,Saint Louis,63108,MO,Grocery,38.64568,-90.26403
Shapiro's Market,111 N Newstead Ave,Saint Louis,63108,MO,Grocery,38.6405726,-90.2548064
Whole Foods Market,4577 W Pine Blvd,St. Louis,63108,MO,Grocery,38.64180437,-90.26137764
Aldi's,702 N Kingshighway,Saint Louis,63108,MO,Grocery,38.65212668,-90.26270463
BJC HealthCare,4901 Forest Park Ave,Saint Louis,63108,MO,Hospitals/Urgent Care,38.627522,-90.19841
Forest Park Pediatrics,4488 Forest Park Ave,Saint Louis,63108,MO,Hospitals/Urgent Care,38.63773727,-90.25884247
Urgent Care for Kids,4100 Forest Park Ave,Saint Louis,63108,MO,Hospitals/Urgent Care,38.6352005,-90.2481003
The Chase Park Plaza,212 N Kingshighway,St. Louis,63108,MO,Hotels,38.64426,-90.2645299
Holiday Inn Express St Louis - Central West End,4630 Lindell Blvd,St. Louis,63108,MO,Hotels,38.64252866,-90.260968
The Parkway Hotel,4550 Forest Park Ave,Saint Louis,63108,MO,Hotels,38.63854218,-90.2618103
McDonald's,4006 Lindell Blvd,St. Louis,63108,MO,Fast Food,38.639122,-90.24366
Gateway Apothecary,4473 Forest Park Ave,Saint Louis,63108,MO,Pharmacy,38.6382385,-90.2583147
CVS Pharmacy,3925 Lindell Blvd,Saint Louis,63108,MO,Pharmacy,38.6391898,-90.2419123
Walgreens,4218 Lindell Blvd,Saint Louis,63108,MO,Pharmacy,38.64022,-90.24928
West Pine Pharmacy,4401 W Pine Blvd,Saint Louis,63108,MO,Pharmacy,38.64073,-90.25491
The Medicine Shoppe Pharmacy,625 N Euclid Ave,Saint Louis,63108,MO,Pharmacy,38.651095,-90.261025
Schnucks Lindell Specialty Pharmacy,3960 Lindell Blvd,Saint Louis,63108,MO,Pharmacy,38.63902105,-90.24319907
Cork n' Slice,4501 Maryland Ave,Saint Louis,63108,MO,Restaurant,38.64428,-90.25783
Retreat Gastropub,2 N Sarah St,Saint Louis,63108,MO,Restaurant,38.63723092,-90.24661839
Brasserie by Niche,4580 Laclede Ave,Saint Louis,63108,MO,Restaurant,38.63998997,-90.26186494
Juniper,360 N Boyle Ave,Saint Louis,63108,MO,Restaurant,38.64275766,-90.24972274
The Scottish Arms,8 S Sarah St,Saint Louis,63108,MO,Restaurant,38.63642438,-90.24669765
Starbucks,4656 Maryland Ave,St Louis,63108,MO,Coffee & Tea,38.64443059,-90.26092807
Starbucks,3640 W Pine Mall Blvd,Saint Louis,63108,MO,Coffee & Tea,38.6361029,-90.23503668
Subway,115 N Euclid Ave,Saint Louis,63108,MO,Fast Food,38.64242554,-90.26213074
Subway,4487 Forest Park Blvd,Saint Louis,63108,MO,Fast Food,38.63845301,-90.25867224
Subway,4149 Lindell Blvd,Saint Louis,63108,MO,Fast Food,38.6403901,-90.2472379
Taco Bell,626 N Kings Highway Blvd,Saint Louis,63108,MO,Fast Food,38.650827,-90.263416
Carrollton Bank,42 Hampton Village Plz,Saint Louis,63109,MO,Banks & Credit Unions,38.5930635,-90.2918611
Bank of America,4301 Hampton Ave,Saint Louis,63109,MO,Banks & Credit Unions,38.59135818,-90.29558563
Lindell Bank,3921 Hampton Ave,Saint Louis,63109,MO,Banks & Credit Unions,38.59394,-90.2944799
First Community Credit Union,4249 Watson Rd,Saint Louis,63109,MO,Banks & Credit Unions,38.59285,-90.3022699
Step Ahead Child Care,4501 Hampton Ave,Saint Louis,63109,MO,Child Care & Day Care,38.58954,-90.2947499
Target,4255 Hampton Ave,Saint Louis,63109,MO,Department Stores,38.59254,-90.29557
JCPenney,50 Hampton Village Plaza,Saint Louis,63109,MO,Department Stores,38.59167454,-90.29252375
Gas Mart,6901 Hampton Ave,Saint Louis,63109,MO,Gas Stations/Convenience Stores,38.57385,-90.29516
Total Access Urgent Care,6900 Chippewa St,Saint Louis,63109,MO,Hospitals/Urgent Care,38.5883733,-90.3095236
Chippewa Accident & Family Care,6651 Chippewa St,Saint Louis,63109,MO,Hospitals/Urgent Care,38.59051895,-90.30587769
McDonald's,4620 S Kingshighway,St. Louis,63109,MO,Fast Food,38.586273,-90.275726
Lindenwood Drug,6903 Lansdowne Ave,Saint Louis,63109,MO,Pharmacy,38.59162,-90.31011
Keller Apothecary,5346 Devonshire Ave,Saint Louis,63109,MO,Pharmacy,38.58752441,-90.28391266
Walgreens,3920 Hampton Ave,Saint Louis,63109,MO,Pharmacy,38.59376,-90.2933
Edibles & Essentials,5815 Hampton Ave,Saint Louis,63109,MO,Restaurant,38.5794801,-90.29411092
Copper Pig,4611 Macklind Ave,Saint Louis,63109,MO,Restaurant,38.58748,-90.28436
Kounter Kulture,3825 Watson Rd,St. Louis,63109,MO,Restaurant,38.59518,-90.30156
Russell's on Macklind,5400 Murdoch Ave,Saint Louis,63109,MO,Restaurant,38.586689,-90.284507
Schnucks - Hampton Village,60 Hampton Village Plz,St. Louis,63109,MO,Grocery,38.5931082,-90.2925643
Schnucks - Gravois,7450 Hampton Ave,Saint Louis,63109,MO,Grocery,38.56557,-90.29378
Starbucks,6622 Chippewa St,Saint Louis,63109,MO,Coffee & Tea,38.590613,-90.304927
Starbucks,4255 Hampton Ave,Saint Louis,63109,MO,Coffee & Tea,38.59254,-90.29557
Starbucks,3700 S Kingshighway Blvd,Saint Louis,63109,MO,Coffee & Tea,38.5929366,-90.2720705
Subway,6918 Chippewa St,Saint Louis,63109,MO,Fast Food,38.58842,-90.30962
U.S. Bank,216 S Kingshighway Blvd,Saint Louis,63110,MO,Banks & Credit Unions,38.63874054,-90.26435089
Southwest Bank,2301 S Kingshighway Blvd,Saint Louis,63110,MO,Banks & Credit Unions,38.61196,-90.2684699
Barnes-Jewish Hospital College,4483 Duncan Ave,Saint Louis,63110,MO,Colleges & Universities,38.6370424,-90.2592471
St. Louis College of Pharmacy,4588 Parkview Pl,Saint Louis,63110,MO,Colleges & Universities,38.63747969,-90.26217386
St Louis Community College,5600 Oakland Ave,Saint Louis,63110,MO,Colleges & Universities,38.6287018,-90.27941461
Saint Louis Zoo,1 Government Dr,Saint Louis,63110,MO,Child Care & Day Care,38.63649774,-90.29242868
QuikTrip,904 S Vandeventer Ave,Saint Louis Downtown,63110,MO,Gas Stations/Convenience Stores,38.6283907,-90.24617418
Kingshighway & Manchester Amoco,1187 S Kingshighway Blvd,Saint Louis,63110,MO,Gas Stations/Convenience Stores,38.62611,-90.2653799
City Greens Market,4260 Manchester Ave,Saint Louis,63110,MO,Grocery,38.626789,-90.256337
DiGregorio's Market,5200 Daggett Ave,Saint Louis,63110,MO,Grocery,38.61661,-90.27291
Shaw Market,4200 Shaw Ave,Saint Louis,63110,MO,Grocery,38.6181,-90.2739299
Volpi Foods,5256 Daggett Ave,Saint Louis,63110,MO,Grocery,38.616679,-90.27466
SSM Health Saint Louis University Hospital,3635 Vista Ave,Saint Louis,63110,MO,Hospitals/Urgent Care,38.622918,-90.238776
St Louis Children's Hospital,1 Childrens Pl,Saint Louis,63110,MO,Hospitals/Urgent Care,38.6377499,-90.26491
The Rehabilitation Institute of St. Louis,4455 Duncan Ave,Saint Louis,63110,MO,Hospitals/Urgent Care,38.6367755,-90.2579346
Barnes-Jewish Hospital Breast Health Center,4921 Parkview Pl,St. Louis,63110,MO,Hospitals/Urgent Care,38.63818032,-90.26321086
Siteman Cancer Center,4921 Parkview Pl,St. Louis,63110,MO,Hospitals/Urgent Care,38.6382621,-90.2631786
Home2 Suites by Hilton St. Louis/ Forest Park,920 S Taylor Ave,Saint Louis,63110,MO,Hotels,38.631178,-90.260228
Hampton Inn & Suites St. Louis at Forest Park,5650 Oakland Ave,Saint Louis,63110,MO,Hotels,38.629815,-90.281295
Walgreens,4925 Southwest Ave,Saint Louis,63110,MO,Pharmacy,38.61285,-90.26878
Anthonino's Taverna,2225 Macklind Ave,Saint Louis,63110,MO,Restaurant,38.61439,-90.2779599
Adriana's,5101 Shaw Ave,Saint Louis,63110,MO,Restaurant,38.617961,-90.270662
Starbucks,3635 Vista Ave,Saint Louis,63110,MO,Coffee & Tea,38.6230316,-90.2393265
Subway,1151 S Kingshighway Blvd,Saint Louis,63110,MO,Fast Food,38.62704,-90.26522
Southern Commercial Bank,5515 S Grand Blvd,Saint Louis,63111,MO,Banks & Credit Unions,38.56949,-90.25406
Burger King,932 Loughborough Ave,Saint Louis,63111,MO,Fast Food,38.556979,-90.261185
Carondelet Park Rec Complex,930 Holly Hills,St. Louis,63111,MO,Child Care & Day Care,38.5607134,-90.2565509
Bates Amoco,504 Bates St,Saint Louis,63111,MO,Gas Stations/Convenience Stores,38.56418,-90.24668
Circle K,8200 S Broadway,Saint Louis,63111,MO,Gas Stations/Convenience Stores,38.54263,-90.26286
Universal Food Market,4330 S Broadway,Saint Louis,63111,MO,Grocery,38.5766411,-90.2318192
Schnucks Loughborough Pharmacy,1020 Loughborough Ave,Saint Louis,63111,MO,Pharmacy,38.55644,-90.26254
Stacked STL,7637 Ivory Ave,Saint Louis,63111,MO,Restaurant,38.5491133,-90.2622763
Schnucks - Loughborough,1020 Loughborough,Saint Louis,63111,MO,Grocery,38.5578594,-90.2614073
Starbucks,1042 Loughborough Ave,Saint Louis,63111,MO,Coffee & Tea,38.55772,-90.26219
Subway,4230 S Broadway,Saint Louis,63111,MO,Fast Food,38.5780978,-90.2308312
Washington University in St. Louis North Campus,700 Rosedale Ave,Saint Louis,63112,MO,Colleges & Universities,38.65851345,-90.29813591
Olive You Nanny,,Saint Louis,63112,MO,Child Care & Day Care,38.65488434,-90.28244019
Monsanto Family YMCA,5555 Page Blvd,St. Louis,63112,MO,Child Care & Day Care,38.664405,-90.276832
Moonrise Hotel,6177 Delmar In The Lp,Saint Louis,63112,MO,Hotels,38.6556869,-90.2987689
Subway,307 Debaliviere Ave,Saint Louis,63112,MO,Fast Food,38.64929,-90.28551
Advance Loans,1408 N Kingshighway Blvd,Saint Louis,63113,MO,Title Loans,38.66159,-90.26095
Save-A Lot,3645 Page Blvd,Saint Louis,63113,MO,Grocery,38.64711,-90.2282
Burger King,5030 Natural Bridge Ave,Saint Louis,63115,MO,Fast Food,38.67649,-90.25325
McDonald's,4979 Natural Bridge Rd,St. Louis,63115,MO,Fast Food,38.67621634,-90.25068932
Imran Pharmacy,3737 N Kingshighway Blvd,Saint Louis,63115,MO,Pharmacy,38.67743,-90.25185
Subway,4963 Natural Bridge Ave,Saint Louis,63115,MO,Fast Food,38.67616653,-90.25022888
Taco Bell,5031 Natural Bridge,Saint Louis,63115,MO,Fast Food,38.676636,-90.252526
St. Louis Community Credit Union,4435 Chippewa St,Saint Louis,63116,MO,Banks & Credit Unions,38.59128,-90.2681
Charley's Angels Learning & Development Center,3196 Morganford Rd,Saint Louis,63116,MO,Child Care & Day Care,38.60097751,-90.26162133
Burlington Coat Factory,4930 Christy Blvd,Saint Louis,63116,MO,Department Stores,38.5845024,-90.2764454
Big Lots - Saint Louis: Bevo,4930 Christy Blvd,Saint Louis,63116,MO,Department Stores,38.5845024,-90.2764454
Local Harvest Grocery,3108 Morgan Ford Rd,Saint Louis,63116,MO,Grocery,38.604148,-90.261073
Gustine Market,3150 Gustine Ave,Saint Louis,63116,MO,Grocery,38.60199738,-90.24953461
Aldi,3721 S Grand Ave,Saint Louis,63116,MO,Grocery,38.58935145,-90.2443667
Aldi,6601 Gravois,Saint Louis,63116,MO,Grocery,38.57284546,-90.28283691
McDonald's,7241 Gravois Ave,St. Louis,63116,MO,Fast Food,38.56566452,-90.29255792
Advance Credit,3729 Gravois Ave,Saint Louis,63116,MO,Title Loans,38.5918285,-90.2476706
CVS/pharmacy,7320 Gravois Ave,Saint Louis,63116,MO,Pharmacy,38.56422043,-90.29335785
Walgreens,3631 Gravois Ave,Saint Louis,63116,MO,Pharmacy,38.59216176,-90.24509557
CVS Pharmacy,4100 Gravois Ave,Saint Louis,63116,MO,Pharmacy,38.5890274,-90.2555542
Alphateria,4312 Fyler Ave,St. Louis,63116,MO,Restaurant,38.59838,-90.26259
Save-A-Lot Limited,4324 Loughborough Ave,Saint Louis,63116,MO,Grocery,38.56612,-90.27844
Steak 'n Shake,4640 Chippewa St,Saint Louis,63116,MO,Restaurant,38.5910305,-90.27160379
Steak 'n Shake,7350 Gravois,Saint Louis,63116,MO,Restaurant,38.563792,-90.2943032
Subway,4600 Chippewa St,Saint Louis,63116,MO,Fast Food,38.590385,-90.270668
Bank of America,2604 S Jefferson Ave,Saint Louis,63118,MO,Banks & Credit Unions,38.60477,-90.2226
Commerce Bank,3134 S Grand Blvd,Saint Louis,63118,MO,Banks & Credit Unions,38.6015498,-90.2419985
U.S. Bank,3430 S Grand Blvd,St Louis,63118,MO,Banks & Credit Unions,38.5946693,-90.2425308
Joel's Shell Food Mart,1815 Arsenal St,Saint Louis,63118,MO,Gas Stations/Convenience Stores,38.59723,-90.21721
Jefferson B P Gas Station,3258 S Jefferson Ave,Saint Louis,63118,MO,Gas Stations/Convenience Stores,38.59519986,-90.22472151
Ruler Foods,2700 S Grand Blvd,Saint Louis,63118,MO,Grocery,38.60709211,-90.24049381
Jay International Food Co,3172 S Grand Blvd,Saint Louis,63118,MO,Grocery,38.60025,-90.24227
El Capral Mexican Grocery,2817 Cherokee St,Saint Louis,63118,MO,Grocery,38.59417,-90.2306399
St. Alexius Hospital,3933 S Broadway,St. Louis,63118,MO,Hospitals/Urgent Care,38.5834869,-90.227666
Total Access Urgent Care,3114 S Grand Blvd,Saint Louis,63118,MO,Hospitals/Urgent Care,38.6020727,-90.242189
AC Pawn Shop,2850 Chippewa St,Saint Louis,63118,MO,Pawn Shops,38.5868463,-90.2334131
The Medicine Shoppe Pharmacy,3137 S Grand Blvd,Saint Louis,63118,MO,Pharmacy,38.6016,-90.24275
The Shaved Duck,2900 Virginia Ave,Saint Louis,63118,MO,Restaurant,38.603635,-90.235876
Save-A-Lot Limited,3427 S Jefferson Ave,Saint Louis,63118,MO,Grocery,38.59239,-90.22608
Schnucks South City,3430 S Grand,Saint Louis,63118,MO,Grocery,38.594674,-90.24253
Subway,3628 S Grand Blvd,Saint Louis,63118,MO,Fast Food,38.5911312,-90.2438429
Taco Bell,3501 S Grand Ave,Saint Louis,63118,MO,Fast Food,38.593772,-90.243397
U.S. Bank,5375 Southwest Ave,Saint Louis,63139,MO,Banks & Credit Unions,38.610893,-90.277999
Burger King,3259 Hampton Ave,Saint Louis,63139,MO,Fast Food,38.60308,-90.29223
Broadcast Center,2360 Hampton Ave,Saint Louis,63139,MO,Colleges & Universities,38.613182,-90.286811
Discovery Children's Center,1211 Tamm Ave,Saint Louis,63139,MO,Child Care & Day Care,38.62803,-90.29329
Kingshighway Hills Preschool Plus,5001 Pernod Ave,Saint Louis,63139,MO,Child Care & Day Care,38.59504768,-90.27603753
Creative Nursery and Preschool,6500 Arsenal St,Saint Louis,63139,MO,Child Care & Day Care,38.60789,-90.29948
South City Family YMCA,3150 Sublette Ave,St. Louis,63139,MO,Child Care & Day Care,38.603529,-90.28073
Hampton KinderCare,2500 Hampton Ave,St. Louis,63139,MO,Child Care & Day Care,38.61294,-90.28688
Dollar General Stores,6574 Manchester Ave,Saint Louis,63139,MO,Department Stores,38.6193913,-90.2995227
U Gas,3225 Hampton Ave,Saint Louis,63139,MO,Gas Stations/Convenience Stores,38.60387,-90.292
QuikTrip,3291 S Kingshighway Blvd,St Louis Downtown,63139,MO,Gas Stations/Convenience Stores,38.6004971,-90.2705598
BP,1104 Hampton Ave,Saint Louis,63139,MO,Gas Stations/Convenience Stores,38.62914,-90.28684
Gas Mart,3282 Jamieson Ave,Saint Louis,63139,MO,Gas Stations/Convenience Stores,38.60389,-90.3072
Circle K,1514 Hampton Ave,Saint Louis,63139,MO,Gas Stations/Convenience Stores,38.62368,-90.28743
Southampton Healthcare,2340 Hampton Ave,Saint Louis,63139,MO,Hospitals/Urgent Care,38.61386,-90.28671
Total Access Urgent Care,2060 Hampton Ave,St. Louis,63139,MO,Hospitals/Urgent Care,38.61786,-90.287086
Drury Inn & Suites St. Louis Forest Park,2111 Sulphur Ave,Saint Louis,63139,MO,Hotels,38.61736,-90.28859
McDonald's,4200 Hampton Ave,St. Louis,63139,MO,Fast Food,38.593007,-90.293782
McDonald's,1420 Hampton Ave,Saint Louis,63139,MO,Fast Food,38.624459,-90.287467
Arrow Finance Company,3528 Hampton Ave,Saint Louis,63139,MO,Check Cashing/Pay-day Loans,38.59769,-90.29229
Walgreens,2340 Hampton Ave,Saint Louis,63139,MO,Pharmacy,38.61386,-90.28671
Walgreens,2933 S Kingshighway Blvd,Saint Louis,63139,MO,Pharmacy,38.60528578,-90.26958558
On The Hill Health Mart Pharmacy,5378 Southwest Ave,St. Louis,63139,MO,Pharmacy,38.610509,-90.278252
Schnucks Arsenal Pharmacy - Saint Louis,5055 Arsenal St,Saint Louis,63139,MO,Pharmacy,38.6068029,-90.273927
Farmhaus Restaurant,3257 Ivanhoe Ave,Saint Louis,63139,MO,Restaurant,38.60415,-90.30427
Save A-Lot Southwest,5437 Southwest Ave,Saint Louis,63139,MO,Grocery,38.6101116,-90.2798264
Schnucks - Arsenal,5055 Arsenal St,Saint Louis,63139,MO,Grocery,38.6064,-90.27402
Steak 'n Shake,1253 Hampton Ave,Saint Louis,63139,MO,Restaurant,38.6272167,-90.2878138
Subway,1205 Hampton Ave,Saint Louis,63139,MO,Fast Food,38.62822,-90.2876299
Taco Bell,6660 Manchester Road,Saint Louis,63139,MO,Fast Food,38.619283,-90.299832
Taco Bell,1324 Hampton Avenue,Saint Louis,63139,MO,Fast Food,38.626532,-90.287483
Taco Bell,3440 So Kings Highway,Saint Louis,63139,MO,Fast Food,38.596478,-90.270728
Subway,711 Pope Ave,Saint Louis,63147,MO,Fast Food,38.685432,-90.216911
